K,N_Low,y_Low,valid_Low,N_High,y_High,valid_High
0.55,0.55,4.35,1,0.55,12.35,1
0.559899749373,0.559899749373,4.32030075188,1,0.559899749373,12.3203007519,1
0.569799498747,0.569799498747,4.29060150376,1,0.569799498747,12.2906015038,1
0.57969924812,0.57969924812,4.26090225564,1,0.57969924812,12.2609022556,1
0.589598997494,0.589598997494,4.23120300752,1,0.589598997494,12.2312030075,1
0.599498746867,0.599498746867,4.2015037594,1,0.599498746867,12.2015037594,1
0.609398496241,0.609398496241,4.17180451128,1,0.609398496241,12.1718045113,1
0.619298245614,0.619298245614,4.14210526316,1,0.619298245614,12.1421052632,1
0.629197994987,0.629197994987,4.11240601504,1,0.629197994987,12.112406015,1
0.639097744361,0.639097744361,4.08270676692,1,0.639097744361,12.0827067669,1
0.648997493734,0.648997493734,4.0530075188,1,0.648997493734,12.0530075188,1
0.658897243108,0.658897243108,4.02330827068,1,0.658897243108,12.0233082707,1
0.668796992481,0.668796992481,3.99360902256,1,0.668796992481,11.9936090226,1
0.678696741855,0.678696741855,3.96390977444,1,0.678696741855,11.9639097744,1
0.688596491228,0.688596491228,3.93421052632,1,0.688596491228,11.9342105263,1
0.698496240602,0.698496240602,3.9045112782,1,0.698496240602,11.9045112782,1
0.708395989975,0.708395989975,3.87481203008,1,0.708395989975,11.8748120301,1
0.718295739348,0.718295739348,3.84511278195,1,0.718295739348,11.845112782,1
0.728195488722,0.728195488722,3.81541353383,1,0.728195488722,11.8154135338,1
0.738095238095,0.738095238095,3.78571428571,1,0.738095238095,11.7857142857,1
0.747994987469,0.747994987469,3.75601503759,1,0.747994987469,11.7560150376,1
0.757894736842,0.757894736842,3.72631578947,1,0.757894736842,11.7263157895,1
0.767794486216,0.767794486216,3.69661654135,1,0.767794486216,11.6966165414,1
0.777694235589,0.777694235589,3.66691729323,1,0.777694235589,11.6669172932,1
0.787593984962,0.787593984962,3.63721804511,1,0.787593984962,11.6372180451,1
0.797493734336,0.797493734336,3.60751879699,1,0.797493734336,11.607518797,1
0.807393483709,0.807393483709,3.57781954887,1,0.807393483709,11.5778195489,1
0.817293233083,0.817293233083,3.54812030075,1,0.817293233083,11.5481203008,1
0.827192982456,0.827192982456,3.51842105263,1,0.827192982456,11.5184210526,1
0.83709273183,0.83709273183,3.48872180451,1,0.83709273183,11.4887218045,1
0.846992481203,0.846992481203,3.45902255639,1,0.846992481203,11.4590225564,1
0.856892230576,0.856892230576,3.42932330827,1,0.856892230576,11.4293233083,1
0.86679197995,0.86679197995,3.39962406015,1,0.86679197995,11.3996240602,1
0.876691729323,0.876691729323,3.36992481203,1,0.876691729323,11.369924812,1
0.886591478697,0.886591478697,3.34022556391,1,0.886591478697,11.3402255639,1
0.89649122807,0.89649122807,3.31052631579,1,0.89649122807,11.3105263158,1
0.906390977444,0.906390977444,3.28082706767,1,0.906390977444,11.2808270677,1
0.916290726817,0.916290726817,3.25112781955,1,0.916290726817,11.2511278195,1
0.92619047619,0.92619047619,3.22142857143,1,0.92619047619,11.2214285714,1
0.936090225564,0.936090225564,3.19172932331,1,0.936090225564,11.1917293233,1
0.945989974937,0.945989974937,3.16203007519,1,0.945989974937,11.1620300752,1
0.955889724311,0.955889724311,3.13233082707,1,0.955889724311,11.1323308271,1
0.965789473684,0.965789473684,3.10263157895,1,0.965789473684,11.1026315789,1
0.975689223058,0.975689223058,3.07293233083,1,0.975689223058,11.0729323308,1
0.985588972431,0.985588972431,3.04323308271,1,0.985588972431,11.0432330827,1
0.995488721805,0.995488721805,3.01353383459,1,0.995488721805,11.0135338346,1
1.00538847118,1.00538847118,2.98383458647,1,1.00538847118,10.9838345865,1
1.01528822055,1.01528822055,2.95413533835,1,1.01528822055,10.9541353383,1
1.02518796992,1.02518796992,2.92443609023,1,1.02518796992,10.9244360902,1
1.0350877193,1.0350877193,2.89473684211,1,1.0350877193,10.8947368421,1
1.04498746867,1.04498746867,2.86503759398,1,1.04498746867,10.865037594,1
1.05488721805,1.0530808925,2.84503670638,1,1.05488721805,10.8353383459,1
1.06478696742,1.0592864688,2.83504180265,1,1.06478696742,10.8056390977,1
1.07468671679,1.06544527581,2.82512518781,1,1.07468671679,10.7759398496,1
1.08458646617,1.07155775564,2.8152860982,1,1.08458646617,10.7462406015,1
1.09448621554,1.07762434582,2.80552377837,1,1.09448621554,10.7165413534,1
1.10438596491,1.08364547935,2.79583748093,1,1.10438596491,10.6868421053,1
1.11428571429,1.08962158471,2.7862264665,1,1.11428571429,10.6571428571,1
1.12418546366,1.09555308595,2.77669000364,1,1.12418546366,10.627443609,1
1.13408521303,1.10144040269,2.76722736875,1,1.13408521303,10.5977443609,1
1.14398496241,1.10728395021,2.75783784597,1,1.14398496241,10.5680451128,1
1.15388471178,1.11308413945,2.74852072713,1,1.15388471178,10.5383458647,1
1.16378446115,1.11884137709,2.73927531167,1,1.16378446115,10.5086466165,1
1.17368421053,1.12455606556,2.73010090653,1,1.17368421053,10.4789473684,1
1.1835839599,1.13022860312,2.7209968261,1,1.1835839599,10.4492481203,1
1.19348370927,1.13585938387,2.71196239211,1,1.19348370927,10.4195488722,1
1.20338345865,1.14144879781,2.7029969336,1,1.20338345865,10.3898496241,1
1.21328320802,1.14699723088,2.69409978678,1,1.21328320802,10.3601503759,1
1.22318295739,1.15250506499,2.68527029502,1,1.22318295739,10.3304511278,1
1.23308270677,1.15797267808,2.67650780873,1,1.23308270677,10.3007518797,1
1.24298245614,1.16340044415,2.66781168527,1,1.24298245614,10.2710526316,1
1.25288220551,1.16878873331,2.65918128894,1,1.25288220551,10.2413533835,1
1.26278195489,1.17413791179,2.65061599084,1,1.26278195489,10.2116541353,1
1.27268170426,1.17944834202,2.64211516882,1,1.27268170426,10.1819548872,1
1.28258145363,1.18472038266,2.63367820742,1,1.28258145363,10.1522556391,1
1.29248120301,1.18995438862,2.62530449779,1,1.29248120301,10.122556391,1
1.30238095238,1.19515071111,2.61699343761,1,1.30238095238,10.0928571429,1
1.31228070175,1.20030969769,2.60874443101,1,1.31228070175,10.0631578947,1
1.32218045113,1.20543169229,2.60055688854,1,1.32218045113,10.0334586466,1
1.3320802005,1.21051703526,2.59243022705,1,1.3320802005,10.0037593985,1
1.34197994987,1.21556606341,2.58436386965,1,1.34197994987,9.97406015038,1
1.35187969925,1.22057911003,2.57635724566,1,1.35187969925,9.94436090226,1
1.36177944862,1.22555650495,2.56840979048,1,1.36177944862,9.91466165414,1
1.37167919799,1.23049857457,2.56052094559,1,1.37167919799,9.88496240602,1
1.38157894737,1.23540564188,2.55269015844,1,1.38157894737,9.85526315789,1
1.39147869674,1.24027802651,2.5449168824,1,1.39147869674,9.82556390977,1
1.40137844612,1.24511604478,2.5372005767,1,1.40137844612,9.79586466165,1
1.41127819549,1.2499200097,2.52954070636,1,1.41127819549,9.76616541353,1
1.42117794486,1.25469023103,2.52193674211,1,1.42117794486,9.73646616541,1
1.43107769424,1.25942701533,2.51438816037,1,1.43107769424,9.70676691729,1
1.44097744361,1.26413066596,2.50689444311,1,1.44097744361,9.67706766917,1
1.45087719298,1.26880148311,2.49945507789,1,1.45087719298,9.64736842105,1
1.46077694236,1.27343976389,2.49206955771,1,1.46077694236,9.61766917293,1
1.47067669173,1.2780458023,2.484737381,1,1.47067669173,9.58796992481,1
1.4805764411,1.2826198893,2.47745805153,1,1.4805764411,9.55827067669,1
1.49047619048,1.28716231283,2.47023107838,1,1.49047619048,9.52857142857,1
1.50037593985,1.29167335784,2.46305597586,1,1.50037593985,9.49887218045,1
1.51027568922,1.29615330635,2.45593226344,1,1.51027568922,9.46917293233,1
1.5201754386,1.30060243742,2.44885946573,1,1.5201754386,9.43947368421,1
1.53007518797,1.30502102726,2.4418371124,1,1.53007518797,9.40977443609,1
1.53997493734,1.30940934921,2.4348647381,1,1.53997493734,9.38007518797,1
1.54987468672,1.31376767376,2.42794188246,1,1.54987468672,9.35037593985,1
1.55977443609,1.31809626864,2.42106808999,1,1.55977443609,9.32067669173,1
1.56967418546,1.3223953988,2.41424291002,1,1.56967418546,9.29097744361,1
1.57957393484,1.32666532644,2.40746589669,1,1.57957393484,9.26127819549,1
1.58947368421,1.33090631109,2.40073660887,1,1.58947368421,9.23157894737,1
1.59937343358,1.33511860956,2.39405461008,1,1.59937343358,9.20187969925,1
1.60927318296,1.33930247605,2.38741946849,1,1.60927318296,9.17218045113,1
1.61917293233,1.34345816212,2.38083075682,1,1.61917293233,9.14248120301,1
1.6290726817,1.34758591676,2.37428805234,1,1.6290726817,9.11278195489,1
1.63897243108,1.35168598639,2.36779093677,1,1.63897243108,9.08308270677,1
1.64887218045,1.35575861488,2.36133899624,1,1.64887218045,9.05338345865,1
1.65877192982,1.35980404362,2.35493182126,1,1.65877192982,9.02368421053,1
1.6686716792,1.36382251152,2.34856900667,1,1.6686716792,8.99398496241,1
1.67857142857,1.36781425502,2.34225015156,1,1.67857142857,8.96428571429,1
1.68847117794,1.37177950816,2.33597485926,1,1.68847117794,8.93458646617,1
1.69837092732,1.37571850257,2.32974273726,1,1.69837092732,8.90488721805,1
1.70827067669,1.37963146751,2.3235533972,1,1.70827067669,8.87518796992,1
1.71817042607,1.3835186299,2.31740645477,1,1.71817042607,8.8454887218,1
1.72807017544,1.38738021434,2.31130152972,1,1.72807017544,8.81578947368,1
1.73796992481,1.39121644314,2.30523824579,1,1.73796992481,8.78609022556,1
1.74786967419,1.39502753634,2.29921623064,1,1.74786967419,8.75639097744,1
1.75776942356,1.39881371172,2.29323511584,1,1.75776942356,8.72669172932,1
1.76766917293,1.40257518487,2.28729453684,1,1.76766917293,8.6969924812,1
1.77756892231,1.40631216917,2.28139413286,1,1.77756892231,8.66729323308,1
1.78746867168,1.41002487583,2.27553354692,1,1.78746867168,8.63759398496,1
1.79736842105,1.41371351392,2.26971242576,1,1.79736842105,8.60789473684,1
1.80726817043,1.41737829038,2.26393041978,1,1.80726817043,8.57819548872,1
1.8171679198,1.42101941007,2.25818718305,1,1.8171679198,8.5484962406,1
1.82706766917,1.42463707575,2.25248237323,1,1.82706766917,8.51879699248,1
1.83696741855,1.42823148813,2.24681565154,1,1.83696741855,8.48909774436,1
1.84686716792,1.43180284592,2.24118668272,1,1.84686716792,8.45939849624,1
1.85676691729,1.43535134578,2.23559513499,1,1.85676691729,8.42969924812,1
1.86666666667,1.43887718241,2.23004068,1,1.86666666667,8.4,1
1.87656641604,1.44238054854,2.22452299281,1,1.87656641604,8.37030075188,1
1.88646616541,1.44586163496,2.21904175185,1,1.88646616541,8.34060150376,1
1.89636591479,1.44932063054,2.21359663886,1,1.89636591479,8.31090225564,1
1.90626566416,1.45275772224,2.20818733888,1,1.90626566416,8.28120300752,1
1.91616541353,1.45617309516,2.20281354018,1,1.91616541353,8.2515037594,1
1.92606516291,1.45956693252,2.19747493426,1,1.92606516291,8.22180451128,1
1.93596491228,1.46293941571,2.1921712158,1,1.93596491228,8.19210526316,1
1.94586466165,1.46629072432,2.18690208259,1,1.94586466165,8.16240601504,1
1.95576441103,1.46962103612,2.18166723557,1,1.95576441103,8.13270676692,1
1.9656641604,1.47293052712,2.17646637871,1,1.9656641604,8.1030075188,1
1.97556390977,1.47621937155,2.17129921904,1,1.97556390977,8.07330827068,1
1.98546365915,1.47948774193,2.16616546658,1,1.98546365915,8.04360902256,1
1.99536340852,1.48273580904,2.16106483432,1,1.99536340852,8.01390977444,1
2.00526315789,1.48596374197,2.15599703817,1,2.00526315789,7.98421052632,1
2.01516290727,1.48917170812,2.15096179695,1,2.01516290727,7.9545112782,1
2.02506265664,1.49235987323,2.14595883237,1,2.02506265664,7.92481203008,1
2.03496240602,1.49552840139,2.14098786894,1,2.03496240602,7.89511278195,1
2.04486215539,1.49867745508,2.13604863398,1,2.04486215539,7.86541353383,1
2.05476190476,1.50180719516,2.1311408576,1,2.05476190476,7.83571428571,1
2.06466165414,1.50491778089,2.12626427263,1,2.06466165414,7.80601503759,1
2.07456140351,1.50800936998,2.12141861462,1,2.07456140351,7.77631578947,1
2.08446115288,1.51108211855,2.11660362179,1,2.08446115288,7.74661654135,1
2.09436090226,1.51413618121,2.11181903502,1,2.09436090226,7.71691729323,1
2.10426065163,1.51717171104,2.1070645978,1,2.10426065163,7.68721804511,1
2.114160401,1.52018885961,2.10234005621,1,2.114160401,7.65751879699,1
2.12406015038,1.52318777699,2.09764515889,1,2.12406015038,7.62781954887,1
2.13395989975,1.5261686118,2.09297965702,1,2.13395989975,7.59812030075,1
2.14385964912,1.52913151119,2.08834330426,1,2.14385964912,7.56842105263,1
2.1537593985,1.53207662087,2.08373585678,1,2.1537593985,7.53872180451,1
2.16365914787,1.53500408513,2.07915707316,1,2.16365914787,7.50902255639,1
2.17355889724,1.53791404684,2.07460671443,1,2.17355889724,7.47932330827,1
2.18345864662,1.54080664749,2.07008454399,1,2.18345864662,7.44962406015,1
2.19335839599,1.54368202717,2.06559032761,1,2.19335839599,7.41992481203,1
2.20325814536,1.54654032463,2.06112383342,1,2.20325814536,7.39022556391,1
2.21315789474,1.54938167726,2.05668483182,1,2.21315789474,7.36052631579,1
2.22305764411,1.55220622112,2.05227309555,1,2.22305764411,7.33082706767,1
2.23295739348,1.55501409094,2.04788839956,1,2.23295739348,7.30112781955,1
2.24285714286,1.55780542015,2.04353052108,1,2.24285714286,7.27142857143,1
2.25275689223,1.56058034089,2.03919923951,1,2.25275689223,7.24172932331,1
2.2626566416,1.56333898404,2.03489433648,1,2.2626566416,7.21203007519,1
2.27255639098,1.56608147918,2.03061559575,1,2.27255639098,7.18233082707,1
2.28245614035,1.56880795467,2.02636280322,1,2.28245614035,7.15263157895,1
2.29235588972,1.57151853762,2.02213574692,1,2.29235588972,7.12293233083,1
2.3022556391,1.57421335393,2.01793421696,1,2.3022556391,7.09323308271,1
2.31215538847,1.57689252829,2.01375800552,1,2.31215538847,7.06353383459,1
2.32205513784,1.57955618417,2.00960690683,1,2.32205513784,7.03383458647,1
2.33195488722,1.58220444388,2.00548071713,1,2.33195488722,7.00413533835,1
2.34185463659,1.58483742856,2.00137923466,1,2.34185463659,6.97443609023,1
2.35175438596,1.58745525819,1.99730225965,1,2.35175438596,6.94473684211,1
2.36165413534,1.59005805159,1.99324959428,1,2.36165413534,6.91503759398,1
2.37155388471,1.59264592646,1.98922104265,1,2.37155388471,6.88533834586,1
2.38145363409,1.59521899939,1.98521641079,1,2.38145363409,6.85563909774,1
2.39135338346,1.59777738585,1.98123550661,1,2.39135338346,6.82593984962,1
2.40125313283,1.6003212002,1.9772781399,1,2.40125313283,6.7962406015,1
2.41115288221,1.60285055574,1.97334412229,1,2.41115288221,6.76654135338,1
2.42105263158,1.60536556468,1.96943326725,1,2.42105263158,6.73684210526,1
2.43095238095,1.60786633818,1.96554539004,1,2.43095238095,6.70714285714,1
2.44085213033,1.61035298635,1.96168030772,1,2.44085213033,6.67744360902,1
2.4507518797,1.61282561824,1.95783783913,1,2.4507518797,6.6477443609,1
2.46065162907,1.61528434191,1.95401780484,1,2.46065162907,6.61804511278,1
2.47055137845,1.61772926436,1.95022002716,1,2.47055137845,6.58834586466,1
2.48045112782,1.62016049163,1.94644433013,1,2.48045112782,6.55864661654,1
2.49035087719,1.62257812872,1.94269053944,1,2.49035087719,6.52894736842,1
2.50025062657,1.62498227968,1.9389584825,1,2.50025062657,6.4992481203,1
2.51015037594,1.62737304758,1.93524798834,1,2.51015037594,6.46954887218,1
2.52005012531,1.6297505345,1.93155888765,1,2.52005012531,6.43984962406,1
2.52994987469,1.63211484161,1.92789101273,1,2.52994987469,6.41015037594,1
2.53984962406,1.63446606911,1.92424419749,1,2.53984962406,6.38045112782,1
2.54974937343,1.63680431626,1.92061827741,1,2.54974937343,6.3507518797,1
2.55964912281,1.63912968141,1.91701308956,1,2.55964912281,6.32105263158,1
2.56954887218,1.64144226202,1.91342847255,1,2.56954887218,6.29135338346,1
2.57944862155,1.64374215459,1.90986426651,1,2.57944862155,6.26165413534,1
2.58934837093,1.64602945478,1.9063203131,1,2.58934837093,6.23195488722,1
2.5992481203,1.64830425735,1.90279645549,1,2.5992481203,6.2022556391,1
2.60914786967,1.65056665616,1.89929253832,1,2.60914786967,6.17255639098,1
2.61904761905,1.65281674423,1.8958084077,1,2.61904761905,6.14285714286,1
2.62894736842,1.65505461373,1.89234391119,1,2.62894736842,6.11315789474,1
2.63884711779,1.65728035596,1.8888988978,1,2.63884711779,6.08345864662,1
2.64874686717,1.65949406139,1.88547321794,1,2.64874686717,6.0537593985,1
2.65864661654,1.66169581967,1.88206672345,1,2.65864661654,6.02406015038,1
2.66854636591,1.66388571962,1.87867926754,1,2.66854636591,5.99436090226,1
2.67844611529,1.66606384924,1.87531070481,1,2.67844611529,5.96466165414,1
2.68834586466,1.66823029575,1.8719608912,1,2.68834586466,5.93496240602,1
2.69824561404,1.67038514554,1.86862968403,1,2.69824561404,5.90526315789,1
2.70814536341,1.67252848425,1.86531694192,1,2.70814536341,5.87556390977,1
2.71804511278,1.67466039672,1.86202252483,1,2.71804511278,5.84586466165,1
2.72794486216,1.67678096702,1.858746294,1,2.72794486216,5.81616541353,1
2.73784461153,1.67889027846,1.85548811198,1,2.73784461153,5.78646616541,1
2.7477443609,1.68098841361,1.85224784259,1,2.7477443609,5.75676691729,1
2.75764411028,1.68307545426,1.8490253509,1,2.75764411028,5.72706766917,1
2.76754385965,1.6851514815,1.84582050325,1,2.76754385965,5.69736842105,1
2.77744360902,1.68721657566,1.8426331672,1,2.77744360902,5.66766917293,1
2.7873433584,1.68927081635,1.83946321153,1,2.7873433584,5.63796992481,1
2.79724310777,1.69131428249,1.83631050623,1,2.79724310777,5.60827067669,1
2.80714285714,1.69334705226,1.83317492251,1,2.80714285714,5.57857142857,1
2.81704260652,1.69536920315,1.83005633273,1,2.81704260652,5.54887218045,1
2.82694235589,1.69738081196,1.82695461044,1,2.82694235589,5.51917293233,1
2.83684210526,1.69938195481,1.82386963033,1,2.83684210526,5.48947368421,1
2.84674185464,1.70137270711,1.82080126827,1,2.84674185464,5.45977443609,1
2.85664160401,1.70335314363,1.81774940123,1,2.85664160401,5.43007518797,1
2.86654135338,1.70532333846,1.81471390732,1,2.86654135338,5.40037593985,1
2.87644110276,1.70728336504,1.81169466576,1,2.87644110276,5.37067669173,1
2.88634085213,1.70923329615,1.80869155686,1,2.88634085213,5.34097744361,1
2.8962406015,1.71117320392,1.80570446202,1,2.8962406015,5.31127819549,1
2.90614035088,1.71310315985,1.80273326372,1,2.90614035088,5.28157894737,1
2.91604010025,1.7150232348,1.7997778455,1,2.91604010025,5.25187969925,1
2.92593984962,1.71693349902,1.79683809196,1,2.92593984962,5.22218045113,1
2.935839599,1.71883402213,1.79391388873,1,2.935839599,5.19248120301,1
2.94573934837,1.72072487314,1.79100512248,1,2.94573934837,5.16278195489,1
2.95563909774,1.72260612044,1.78811168091,1,2.95563909774,5.13308270677,1
2.96553884712,1.72447783183,1.7852334527,1,2.96553884712,5.10338345865,1
2.97543859649,1.72634007454,1.78237032755,1,2.97543859649,5.07368421053,1
2.98533834586,1.72819291516,1.77952219616,1,2.98533834586,5.04398496241,1
2.99523809524,1.73003641974,1.77668895019,1,2.99523809524,5.01428571429,1
3.00513784461,1.73187065374,1.77387048227,1,3.00513784461,4.98458646617,1
3.01503759398,1.73369568205,1.77106668599,1,3.01503759398,4.95488721805,1
3.02493734336,1.735511569,1.76827745589,1,3.02493734336,4.92518796992,1
3.03483709273,1.73731837834,1.76550268745,1,3.03483709273,4.8954887218,1
3.04473684211,1.73911617329,1.76274227708,1,3.04473684211,4.86578947368,1
3.05463659148,1.74090501652,1.75999612211,1,3.05463659148,4.83609022556,1
3.06453634085,1.74268497014,1.75726412077,1,3.06453634085,4.80639097744,1
3.07443609023,1.74445609575,1.7545461722,1,3.07443609023,4.77669172932,1
3.0843358396,1.7462184544,1.75184217642,1,3.0843358396,4.7469924812,1
3.09423558897,1.74797210662,1.74915203435,1,3.09423558897,4.71729323308,1
3.10413533835,1.74971711241,1.74647564776,1,3.10413533835,4.68759398496,1
3.11403508772,1.75145353128,1.74381291931,1,3.11403508772,4.65789473684,1
3.12393483709,1.75318142219,1.7411637525,1,3.12393483709,4.62819548872,1
3.13383458647,1.75490084363,1.73852805168,1,3.13383458647,4.5984962406,1
3.14373433584,1.75661185358,1.73590572202,1,3.14373433584,4.56879699248,1
3.15363408521,1.75831450952,1.73329666955,1,3.15363408521,4.53909774436,1
3.16353383459,1.76000886843,1.7307008011,1,3.16353383459,4.50939849624,1
3.17343358396,1.76169498684,1.72811802432,1,3.17343358396,4.47969924812,1
3.18333333333,1.76337292075,1.72554824765,1,3.18333333333,4.45,1
3.19323308271,1.76504272573,1.72299138035,1,3.19323308271,4.42030075188,1
3.20313283208,1.76670445686,1.72044733246,1,3.20313283208,4.39060150376,1
3.21303258145,1.76835816874,1.71791601478,1,3.21303258145,4.36090225564,1
3.22293233083,1.77000391553,1.71539733891,1,3.22293233083,4.33120300752,1
3.2328320802,1.77164175092,1.71289121719,1,3.2328320802,4.3015037594,1
3.24273182957,1.77327172816,1.71039756273,1,3.24273182957,4.27180451128,1
3.25263157895,1.77489390005,1.70791628939,1,3.25263157895,4.24210526316,1
3.26253132832,1.77650831892,1.70544731176,1,3.26253132832,4.21240601504,1
3.27243107769,1.77811503669,1.70299054518,1,3.27243107769,4.18270676692,1
3.28233082707,1.77971410485,1.7005459057,1,3.28233082707,4.1530075188,1
3.29223057644,1.78130557443,1.69811331011,1,3.29223057644,4.12330827068,1
3.30213032581,1.78288949606,1.69569267587,1,3.30213032581,4.09360902256,1
3.31203007519,1.78446591992,1.6932839212,1,3.31203007519,4.06390977444,1
3.32192982456,1.78603489581,1.69088696497,1,3.32192982456,4.03421052632,1
3.33182957393,1.78759647308,1.68850172678,1,3.33182957393,4.0045112782,1
3.34172932331,1.7891507007,1.68612812688,1,3.34172932331,3.97481203008,1
3.35162907268,1.7906976272,1.68376608621,1,3.35162907268,3.94511278195,1
3.36152882206,1.79223730074,1.6814155264,1,3.36152882206,3.91541353383,1
3.37142857143,1.79376976907,1.6790763697,1,3.37142857143,3.88571428571,1
3.3813283208,1.79529507953,1.67674853907,1,3.3813283208,3.85601503759,1
3.39122807018,1.7968132791,1.67443195807,1,3.39122807018,3.82631578947,1
3.40112781955,1.79832441436,1.67212655093,1,3.40112781955,3.79661654135,1
3.41102756892,1.79982853149,1.66983224253,1,3.41102756892,3.76691729323,1
3.4209273183,1.80132567631,1.66754895835,1,3.4209273183,3.73721804511,1
3.43082706767,1.80281589426,1.66527662452,1,3.43082706767,3.70751879699,1
3.44072681704,1.80429923042,1.66301516777,1,3.44072681704,3.67781954887,1
3.45062656642,1.80577572947,1.66076451546,1,3.45021479292,3.64965394651,1
3.46052631579,1.80724543577,1.65852459555,1,3.45360061522,3.64419950949,1
3.47042606516,1.80870839327,1.65629533659,1,3.45697162701,3.63876981304,1
3.48032581454,1.8101646456,1.65407666775,1,3.46032791529,3.63336470796,1
3.49022556391,1.81161423601,1.65186851876,1,3.46366956644,3.62798404612,1
3.50012531328,1.81305720743,1.64967081996,1,3.46699666622,3.62262768045,1
3.51002506266,1.8144936024,1.64748350225,1,3.47030929979,3.61729546496,1
3.51992481203,1.81592346316,1.64530649711,1,3.47360755172,3.61198725469,1
3.5298245614,1.81734683157,1.64313973657,1,3.47689150597,3.60670290574,1
3.53972431078,1.81876374919,1.64098315326,1,3.4801612459,3.60144227524,1
3.54962406015,1.82017425721,1.63883668032,1,3.48341685433,3.59620522133,1
3.55952380952,1.82157839651,1.63670025146,1,3.48665841344,3.5909916032,1
3.5694235589,1.82297620763,1.63457380095,1,3.48988600487,3.58580128102,1
3.57932330827,1.8243677308,1.63245726357,1,3.49309970969,3.58063411598,1
3.58922305764,1.82575300592,1.63035057466,1,3.49629960837,3.57548997025,1
3.59912280702,1.82713207256,1.62825367007,1,3.49948578086,3.570368707,1
3.60902255639,1.82850497,1.62616648618,1,3.50265830651,3.56527019037,1
3.61892230576,1.82987173717,1.6240889599,1,3.50581726415,3.56019428546,1
3.62882205514,1.83123241273,1.62202102864,1,3.50896273204,3.55514085835,1
3.63872180451,1.83258703501,1.61996263032,1,3.5120947879,3.55010977607,1
3.64862155388,1.83393564203,1.61791370338,1,3.51521350891,3.54510090658,1
3.65852130326,1.83527827153,1.61587418673,1,3.5183189717,3.54011411881,1
3.66842105263,1.83661496094,1.6138440198,1,3.52141125239,3.53514928259,1
3.67832080201,1.83794574739,1.61182314251,1,3.52449042655,3.53020626869,1
3.68822055138,1.83927066772,1.60981149525,1,3.52755656925,3.52528494879,1
3.69812030075,1.84058975848,1.60780901889,1,3.53060975501,3.52038519549,1
3.70802005013,1.84190305595,1.6058156548,1,3.53365005785,3.51550688229,1
3.7179197995,1.84321059609,1.60383134478,1,3.53667755128,3.51064988357,1
3.72781954887,1.8445124146,1.60185603115,1,3.5396923083,3.5058140746,1
3.73771929825,1.8458085469,1.59988965664,1,3.54269440141,3.50099933156,1
3.74761904762,1.84709902814,1.59793216447,1,3.54568390258,3.49620553147,1
3.75751879699,1.84838389317,1.59598349831,1,3.54866088333,3.49143255222,1
3.76741854637,1.8496631766,1.59404360227,1,3.55162541465,3.48668027258,1
3.77731829574,1.85093691274,1.59211242091,1,3.55457756707,3.48194857216,1
3.78721804511,1.85220513565,1.59018989924,1,3.5575174106,3.47723733141,1
3.79711779449,1.85346787914,1.58827598269,1,3.56044501481,3.47254643163,1
3.80701754386,1.85472517672,1.58637061713,1,3.56336044876,3.46787575494,1
3.81691729323,1.85597706167,1.58447374886,1,3.56626378106,3.46322518431,1
3.82681704261,1.85722356701,1.58258532462,1,3.56915507982,3.45859460349,1
3.83671679198,1.8584647255,1.58070529153,1,3.57203441272,3.45398389709,1
3.84661654135,1.85970056964,1.57883359717,1,3.57490184696,3.44939295049,1
3.85651629073,1.86093113169,1.5769701895,1,3.57775744927,3.44482164989,1
3.8664160401,1.86215644367,1.57511501692,1,3.58060128594,3.44026988226,1
3.87631578947,1.86337653732,1.57326802822,1,3.5834334228,3.43573753539,1
3.88621553885,1.86459144419,1.57142917257,1,3.58625392524,3.43122449783,1
3.89611528822,1.86580119554,1.56959839957,1,3.5890628582,3.42673065891,1
3.90601503759,1.86700582241,1.56777565921,1,3.59186028618,3.42225590873,1
3.91591478697,1.86820535562,1.56596090185,1,3.59464627324,3.41780013815,1
3.92581453634,1.86939982573,1.56415407825,1,3.59742088301,3.41336323878,1
3.93571428571,1.87058926307,1.56235513957,1,3.60018417867,3.408945103,1
3.94561403509,1.87177369775,1.56056403731,1,3.60293622301,3.40454562392,1
3.95551378446,1.87295315966,1.55878072337,1,3.60567707835,3.40016469539,1
3.96541353383,1.87412767843,1.55700515004,1,3.60840680661,3.395802212,1
3.97531328321,1.87529728351,1.55523726994,1,3.61112546932,3.39145806906,1
3.98521303258,1.87646200409,1.55347703609,1,3.61383312754,3.38713216261,1
3.99511278195,1.87762186916,1.55172440185,1,3.61652984195,3.38282438939,1
4.00501253133,1.87877690748,1.54997932095,1,3.61921567283,3.37853464687,1
4.0149122807,1.87992714762,1.54824174747,1,3.62189068004,3.3742628332,1
4.02481203008,1.8810726179,1.54651163586,1,3.62455492303,3.37000884727,1
4.03471177945,1.88221334644,1.54478894089,1,3.62720846087,3.36577258862,1
4.04461152882,1.88334936117,1.54307361769,1,3.62985135221,3.36155395751,1
4.0545112782,1.88448068978,1.54136562175,1,3.63248365534,3.35735285486,1
4.06441102757,1.88560735978,1.53966490888,1,3.63510542813,3.35316918228,1
4.07431077694,1.88672939845,1.53797143522,1,3.63771672808,3.34900284205,1
4.08421052632,1.88784683289,1.53628515727,1,3.6403176123,3.34485373711,1
4.09411027569,1.88895968999,1.53460603184,1,3.64290813752,3.34072177109,1
4.10401002506,1.89006799643,1.53293401607,1,3.64548836008,3.33660684823,1
4.11390977444,1.8911717787,1.53126906744,1,3.64805833597,3.33250887346,1
4.12380952381,1.89227106311,1.52961114373,1,3.65061812078,3.32842775234,1
4.13370927318,1.89336587575,1.52796020306,1,3.65316776975,3.32436339108,1
4.14360902256,1.89445624253,1.52631620385,1,3.65570733775,3.32031569651,1
4.15350877193,1.89554218917,1.52467910483,1,3.65823687928,3.31628457612,1
4.1634085213,1.89662374119,1.52304886507,1,3.66075644849,3.31226993799,1
4.17330827068,1.89770092394,1.52142544392,1,3.66326609914,3.30827169085,1
4.18320802005,1.89877376258,1.51980880103,1,3.66576588468,3.30428974405,1
4.19310776942,1.89984228207,1.51819889638,1,3.66825585817,3.30032400751,1
4.2030075188,1.9009065072,1.51659569023,1,3.67073607234,3.29637439182,1
4.21290726817,1.90196646257,1.51499914314,1,3.67320657957,3.29244080812,1
4.22280701754,1.90302217263,1.51340921596,1,3.67566743188,3.28852316817,1
4.23270676692,1.90407366161,1.51182586985,1,3.67811868097,3.28462138432,1
4.24260651629,1.90512095359,1.51024906624,1,3.68056037818,3.28073536953,1
4.25250626566,1.90616407246,1.50867876684,1,3.68299257453,3.2768650373,1
4.26240601504,1.90720304196,1.50711493368,1,3.68541532069,3.27301030174,1
4.27230576441,1.90823788563,1.50555752903,1,3.687828667,3.26917107754,1
4.28220551378,1.90926862687,1.50400651546,1,3.69023266349,3.26534727994,1
4.29210526316,1.91029528887,1.50246185581,1,3.69262735983,3.26153882476,1
4.30200501253,1.9113178947,1.50092351321,1,3.6950128054,3.25774562838,1
4.3119047619,1.91233646723,1.49939145103,1,3.69738904923,3.25396760773,1
4.32180451128,1.91335102917,1.49786563295,1,3.69975614004,3.25020468031,1
4.33170426065,1.91436160309,1.49634602288,1,3.70211412623,3.24645676416,1
4.34160401003,1.91536821137,1.49483258501,1,3.7044630559,3.24272377786,1
4.3515037594,1.91637087624,1.4933252838,1,3.70680297683,3.23900564053,1
4.36140350877,1.91736961978,1.49182408395,1,3.70913393646,3.23530227185,1
4.37130325815,1.9183644639,1.49032895043,1,3.71145598197,3.23161359199,1
4.38120300752,1.91935543036,1.48883984848,1,3.7137691602,3.22793952169,1
4.39110275689,1.92034254076,1.48735674356,1,3.7160735177,3.22427998219,1
4.40100250627,1.92132581655,1.4858796014,1,3.71836910072,3.22063489527,1
4.41090225564,1.92230527904,1.48440838799,1,3.72065595521,3.21700418321,1
4.42080200501,1.92328094937,1.48294306955,1,3.72293412681,3.2133877688,1
4.43070175439,1.92425284853,1.48148361254,1,3.72520366089,3.20978557535,1
4.44060150376,1.92522099738,1.48002998367,1,3.72746460251,3.20619752667,1
4.45050125313,1.92618541661,1.47858214991,1,3.72971699644,3.20262354708,1
4.46040100251,1.92714612678,1.47714007843,1,3.73196088717,3.19906356138,1
4.47030075188,1.92810314831,1.47570373666,1,3.73419631891,3.19551749488,1
4.48020050125,1.92905650146,1.47427309226,1,3.73642333556,3.19198527337,1
4.49010025063,1.93000620635,1.47284811312,1,3.73864198076,3.18846682312,1
4.5,1.93095228298,1.47142876738,1,3.74085229788,3.18496207091,1
