spread,a_low,a_high,K,congestion_relief,scarcity_rent,RK,N_low,N_high,residual
0,16,16,1.875,3.75,1.875,5.625,1.875,1.875,8.881784197e-16
0.025,15.975,16.025,1.875,3.75,1.875,5.625,1.875,1.875,0
0.05,15.95,16.05,1.875,3.75,1.875,5.625,1.875,1.875,8.881784197e-16
0.075,15.925,16.075,1.875,3.75,1.875,5.625,1.875,1.875,8.881784197e-16
0.1,15.9,16.1,1.875,3.75,1.875,5.625,1.875,1.875,0
0.125,15.875,16.125,1.875,3.75,1.875,5.625,1.875,1.875,8.881784197e-16
0.15,15.85,16.15,1.875,3.75,1.875,5.625,1.875,1.875,0
0.175,15.825,16.175,1.875,3.75,1.875,5.625,1.875,1.875,8.881784197e-16
0.2,15.8,16.2,1.875,3.75,1.875,5.625,1.875,1.875,8.881784197e-16
0.225,15.775,16.225,1.875,3.75,1.875,5.625,1.875,1.875,0
0.25,15.75,16.25,1.875,3.75,1.875,5.625,1.875,1.875,8.881784197e-16
0.275,15.725,16.275,1.875,3.75,1.875,5.625,1.875,1.875,0
0.3,15.7,16.3,1.875,3.75,1.875,5.625,1.875,1.875,8.881784197e-16
0.325,15.675,16.325,1.875,3.75,1.875,5.625,1.875,1.875,-1.7763568394e-15
0.35,15.65,16.35,1.875,3.75,1.875,5.625,1.875,1.875,0
0.375,15.625,16.375,1.875,3.75,1.875,5.625,1.875,1.875,1.7763568394e-15
0.4,15.6,16.4,1.875,3.75,1.875,5.625,1.875,1.875,0
0.425,15.575,16.425,1.875,3.75,1.875,5.625,1.875,1.875,-1.7763568394e-15
0.45,15.55,16.45,1.875,3.75,1.875,5.625,1.875,1.875,8.881784197e-16
0.475,15.525,16.475,1.875,3.75,1.875,5.625,1.875,1.875,0
0.5,15.5,16.5,1.875,3.75,1.875,5.625,1.875,1.875,1.7763568394e-15
0.525,15.475,16.525,1.875,3.75,1.875,5.625,1.875,1.875,0
0.55,15.45,16.55,1.875,3.75,1.875,5.625,1.875,1.875,8.881784197e-16
0.575,15.425,16.575,1.875,3.75,1.875,5.625,1.875,1.875,8.881784197e-16
0.6,15.4,16.6,1.875,3.75,1.875,5.625,1.875,1.875,0
0.625,15.375,16.625,1.875,3.75,1.875,5.625,1.875,1.875,8.881784197e-16
0.65,15.35,16.65,1.875,3.75,1.875,5.625,1.875,1.875,0
0.675,15.325,16.675,1.875,3.75,1.875,5.625,1.875,1.875,-1.7763568394e-15
0.7,15.3,16.7,1.875,3.75,1.875,5.625,1.875,1.875,8.881784197e-16
0.725,15.275,16.725,1.875,3.75,1.875,5.625,1.875,1.875,0
0.75,15.25,16.75,1.875,3.75,1.875,5.625,1.875,1.875,8.881784197e-16
0.775,15.225,16.775,1.875,3.75,1.875,5.625,1.875,1.875,0
0.8,15.2,16.8,1.875,3.75,1.875,5.625,1.875,1.875,8.881784197e-16
0.825,15.175,16.825,1.875,3.75,1.875,5.625,1.875,1.875,8.881784197e-16
0.85,15.15,16.85,1.875,3.75,1.875,5.625,1.875,1.875,0
0.875,15.125,16.875,1.875,3.75,1.875,5.625,1.875,1.875,8.881784197e-16
0.9,15.1,16.9,1.875,3.75,1.875,5.625,1.875,1.875,0
0.925,15.075,16.925,1.875,3.75,1.875,5.625,1.875,1.875,8.881784197e-16
0.95,15.05,16.95,1.875,3.75,1.875,5.625,1.875,1.875,8.881784197e-16
0.975,15.025,16.975,1.875,3.75,1.875,5.625,1.875,1.875,0
1,15,17,1.875,3.75,1.875,5.625,1.875,1.875,8.881784197e-16
1.025,14.975,17.025,1.875,3.75,1.875,5.625,1.875,1.875,0
1.05,14.95,17.05,1.875,3.75,1.875,5.625,1.875,1.875,8.881784197e-16
1.075,14.925,17.075,1.875,3.75,1.875,5.625,1.875,1.875,8.881784197e-16
1.1,14.9,17.1,1.875,3.75,1.875,5.625,1.875,1.875,0
1.125,14.875,17.125,1.875,3.75,1.875,5.625,1.875,1.875,8.881784197e-16
1.15,14.85,17.15,1.875,3.75,1.875,5.625,1.875,1.875,0
1.175,14.825,17.175,1.875,3.75,1.875,5.625,1.875,1.875,1.7763568394e-15
1.2,14.8,17.2,1.875,3.75,1.875,5.625,1.875,1.875,8.881784197e-16
1.225,14.775,17.225,1.875,3.75,1.875,5.625,1.875,1.875,0
1.25,14.75,17.25,1.875,3.75,1.875,5.625,1.875,1.875,0
1.275,14.725,17.275,1.87642571573,3.73909143649,1.89018571068,5.62927714718,1.87186872916,1.87642571573,1.7763568394e-15
1.3,14.7,17.3,1.87785764769,3.72821706232,1.90535588076,5.63357294308,1.86873438376,1.87785764769,3.73034936274e-14
1.325,14.675,17.325,1.87929580307,3.71737691686,1.92051049233,5.6378874092,1.86559693836,1.87929580307,3.28626015289e-14
1.35,14.65,17.35,1.88074018891,3.70657103899,1.93564952773,5.64222056672,1.86245636749,1.88074018891,2.75335310107e-14
1.375,14.625,17.375,1.88219081219,3.69579946706,1.95077296952,5.64657243658,1.85931264563,1.88219081219,2.57571741713e-14
1.4,14.6,17.4,1.8836476798,3.6850622389,1.9658808005,5.6509430394,1.85616574727,1.8836476798,2.04281036531e-14
1.425,14.575,17.425,1.88511079851,3.67435939179,1.98097300373,5.65533239552,1.85301564681,1.88511079851,1.50990331349e-14
1.45,14.55,17.45,1.886580175,3.66369096252,1.99604956249,5.65974052501,1.84986231868,1.886580175,1.24344978758e-14
1.475,14.525,17.475,1.88805581588,3.65305698732,2.01111046031,5.66416744763,1.84670573724,1.88805581588,1.24344978758e-14
1.5,14.5,17.5,1.88953772761,3.64245750188,2.02615568096,5.66861318284,1.84354587683,1.88953772761,8.881784197e-15
1.525,14.475,17.525,1.89102591661,3.63189254134,2.04118520848,5.67307774982,1.84038271179,1.89102591661,7.9936057773e-15
1.55,14.45,17.55,1.89252038915,3.6213621403,2.05619902713,5.67756116744,1.83721621641,1.89252038915,6.2172489379e-15
1.575,14.425,17.575,1.89402115142,3.61086633282,2.07119712144,5.68206345427,1.83404636496,1.89402115142,6.2172489379e-15
1.6,14.4,17.6,1.89552820952,3.60040515238,2.08617947619,5.68658462857,1.83087313169,1.89552820952,3.5527136788e-15
1.625,14.375,17.625,1.89704156944,3.58997863191,2.1011460764,5.69112470831,1.82769649083,1.89704156944,4.4408920985e-15
1.65,14.35,17.65,1.89856123705,3.57958680377,2.11609690738,5.69568371115,1.82451641659,1.89856123705,2.6645352591e-15
1.675,14.325,17.675,1.90008721814,3.56922969977,2.13103195465,5.70026165442,1.82133288316,1.90008721814,1.7763568394e-15
1.7,14.3,17.7,1.90161951838,3.55890735111,2.14595120404,5.70485855515,1.81814586471,1.90161951838,1.7763568394e-15
1.725,14.275,17.725,1.90315814335,3.54861978844,2.16085464162,5.70947443006,1.8149553354,1.90315814335,8.881784197e-16
1.75,14.25,17.75,1.90470309852,3.53836704184,2.17574225371,5.71410929555,1.81176126936,1.90470309852,8.881784197e-16
1.775,14.225,17.775,1.90625438923,3.52814914077,2.19061402692,5.71876316769,1.80856364073,1.90625438923,0
1.8,14.2,17.8,1.90781202075,3.51796611413,2.20546994812,5.72343606225,1.80536242362,1.90781202075,0
1.825,14.175,17.825,1.90937599822,3.50781799021,2.22031000445,5.72812799466,1.80215759212,1.90937599822,0
1.85,14.15,17.85,1.91094632668,3.49770479672,2.23513418331,5.73283898003,1.79894912033,1.91094632668,0
1.875,14.125,17.875,1.91252301104,3.48762656075,2.24994247239,5.73756903313,1.79573698233,1.91252301104,2.6645352591e-15
1.9,14.1,17.9,1.91410605614,3.47758330879,2.26473485964,5.74231816843,1.79252115219,1.91410605614,0
1.925,14.075,17.925,1.91569546668,3.46757506675,2.2795113333,5.74708640004,1.78930160398,1.91569546668,8.881784197e-16
1.95,14.05,17.95,1.91729124725,3.45760185988,2.29427188187,5.75187374175,1.78607831176,1.91729124725,-8.881784197e-16
1.975,14.025,17.975,1.91889340234,3.44766371286,2.30901649416,5.75668020701,1.78285124959,1.91889340234,0
2,14,18,1.92050193631,3.43776064972,2.32374515922,5.76150580894,1.77962039152,1.92050193631,8.881784197e-16
2.025,13.975,18.025,1.92211685343,3.42789269388,2.33845786642,5.7663505603,1.7763857116,1.92211685343,-1.7763568394e-15
2.05,13.95,18.05,1.92373815784,3.41805986813,2.35315460539,5.77121447353,1.77314718388,1.92373815784,-8.881784197e-16
2.075,13.925,18.075,1.92536585357,3.40826219464,2.36783536607,5.77609756071,1.76990478242,1.92536585357,1.7763568394e-15
2.1,13.9,18.1,1.92699994453,3.39849969493,2.38250013867,5.7809998336,1.76665848128,1.92699994453,8.881784197e-16
2.125,13.875,18.125,1.92864043453,3.3887723899,2.39714891368,5.78592130358,1.7634082545,1.92864043453,0
2.15,13.85,18.15,1.93028732724,3.3790802998,2.41178168191,5.79086198171,1.76015407616,1.93028732724,0
2.175,13.825,18.175,1.93194062622,3.36942344423,2.42639843444,5.79582187867,1.75689592033,1.93194062622,-8.881784197e-16
2.2,13.8,18.2,1.93360033494,3.35980184216,2.44099916265,5.80080100481,1.75363376108,1.93360033494,-8.881784197e-16
2.225,13.775,18.225,1.93526645671,3.3502155119,2.45558385823,5.80579937013,1.75036757249,1.93526645671,1.7763568394e-15
2.25,13.75,18.25,1.93693899474,3.3406644711,2.47015251314,5.81081698423,1.74709732868,1.93693899474,5.3379523024e-13
2.275,13.725,18.275,1.93861795214,3.33114873676,2.48470511965,5.81585385641,1.74382300374,1.93861795214,0
2.3,13.7,18.3,1.94030333186,3.32166832523,2.49924167035,5.82090999558,1.74054457179,1.94030333186,8.881784197e-16
2.325,13.675,18.325,1.94199513676,3.31222325218,2.5137621581,5.82598541028,1.73726200698,1.94199513676,0
2.35,13.65,18.35,1.94369336957,3.30281353262,2.52826657608,5.8310801087,1.73397528345,1.94369336957,-8.881784197e-16
2.375,13.625,18.375,1.94539803289,3.29343918089,2.54275491778,5.83619409867,1.73068437538,1.94539803289,0
2.4,13.6,18.4,1.94710912921,3.28410021067,2.55722717697,5.84132738764,1.72738925694,1.94710912921,0
2.425,13.575,18.425,1.9488266609,3.27479663494,2.57168334775,5.8464799827,1.72408990236,1.9488266609,0
2.45,13.55,18.45,1.95055063019,3.26552846603,2.58612342453,5.85165189056,1.72078628585,1.95055063019,0
2.475,13.525,18.475,1.95228103919,3.25629571556,2.60054740202,5.85684311758,1.71747838167,1.95228103919,0
2.5,13.5,18.5,1.95401788991,3.24709839449,2.61495527523,5.86205366972,1.7141661641,1.95401788991,-8.881784197e-16
2.525,13.475,18.525,1.9557611842,3.23793651308,2.62934703951,5.86728355259,1.71084960743,1.9557611842,-8.881784197e-16
2.55,13.45,18.55,1.9575109238,3.22881008091,2.6437226905,5.8725327714,1.70752868599,1.9575109238,0
2.575,13.425,18.575,1.95926711034,3.21971910686,2.65808222416,5.87780133101,1.70420337415,1.95926711034,-2.6645352591e-15
2.6,13.4,18.6,1.96102974529,3.21066359911,2.67242563677,5.88308923588,1.70087364629,1.96102974529,0
2.625,13.375,18.625,1.96279883003,3.20164356517,2.68675292492,5.88839649009,1.69753947682,1.96279883003,8.881784197e-16
2.65,13.35,18.65,1.96457436578,3.19265901181,2.70106408554,5.89372309735,1.69420084019,1.96457436578,8.881784197e-16
2.675,13.325,18.675,1.96635635366,3.18370994514,2.71535911584,5.89906906099,1.6908577109,1.96635635366,-1.7763568394e-15
2.7,13.3,18.7,1.96814479464,3.17479637054,2.72963801339,5.90443438393,1.68751006346,1.96814479464,8.881784197e-16
2.725,13.275,18.725,1.96993968958,3.16591829268,2.74390077606,5.90981906873,1.68415787243,1.96993968958,0
2.75,13.25,18.75,1.97174103919,3.15707571553,2.75814740203,5.91522311756,1.68080111241,1.97174103919,8.881784197e-16
2.775,13.225,18.775,1.97354884406,3.14826864236,2.77237788984,5.92064653219,1.67743975802,1.97354884406,8.881784197e-16
2.8,13.2,18.8,1.97536310467,3.1394970757,2.78659223832,5.92608931402,1.67407378395,1.97536310467,0
2.825,13.175,18.825,1.97718382134,3.13076101739,2.80079044664,5.93155146403,1.67070316492,1.97718382134,-8.881784197e-16
2.85,13.15,18.85,1.97901099428,3.12206046854,2.8149725143,5.93703298284,1.66732787569,1.97901099428,8.881784197e-16
2.875,13.125,18.875,1.98084462355,3.11339542953,2.82913844112,5.94253387065,1.66394789107,1.98084462355,0
2.9,13.1,18.9,1.9826847091,3.10476590005,2.84328822725,5.9480541273,1.66056318592,1.9826847091,0
2.925,13.075,18.925,1.98453125073,3.09617187903,2.85742187317,5.9535937522,1.65717373514,1.98453125073,8.881784197e-16
2.95,13.05,18.95,1.98638424813,3.0876133647,2.87153937968,5.95915274438,1.65377951369,1.98638424813,-8.881784197e-16
2.975,13.025,18.975,1.98824370083,3.07909035456,2.88564074793,5.96473110249,1.65038049657,1.98824370083,8.881784197e-16
3,13,19,1.99010960825,3.07060284536,2.89972597938,5.97032882474,1.64697665886,1.99010960825,8.881784197e-16
3.025,12.975,19.025,1.99198196966,3.06215083315,2.91379507584,5.97594590899,1.64356797565,1.99198196966,8.881784197e-16
3.05,12.95,19.05,1.99386078422,3.05373431323,2.92784803944,5.98158235267,1.64015442212,1.99386078422,0
3.075,12.925,19.075,1.99574605094,3.04535328016,2.94188487265,5.98723815282,1.6367359735,1.99574605094,0
3.1,12.9,19.1,1.99763776869,3.03700772779,2.95590557828,5.99291330607,1.63331260508,1.99763776869,8.881784197e-16
3.125,12.875,19.125,1.99953593622,3.02869764922,2.96991015945,5.99860780866,1.6298842922,1.99953593622,0
3.15,12.85,19.15,2.00144055214,3.02042303679,2.98389861964,6.00432165643,1.62645101027,2.00144055214,8.881784197e-16
3.175,12.825,19.175,2.00335161494,3.01218388215,2.99787096266,6.01005484481,1.62301273476,2.00335161494,-8.881784197e-16
3.2,12.8,19.2,2.00526912294,3.00398017617,3.01182719265,6.01580736882,1.61956944121,2.00526912294,8.881784197e-16
3.225,12.775,19.225,2.00719307436,2.99581190899,3.02576731409,6.02157922309,1.61612110522,2.00719307436,8.881784197e-16
3.25,12.75,19.25,2.00912346728,2.98767907002,3.03969133181,6.02737040183,1.61266770246,2.00912346728,-8.881784197e-16
3.275,12.725,19.275,2.01106029962,2.9795816479,3.05359925095,6.03318089886,1.60920920867,2.01106029962,0
3.3,12.7,19.3,2.01300356919,2.97151963056,3.06749107702,6.03901070758,1.60574559966,2.01300356919,-8.881784197e-16
3.325,12.675,19.325,2.01495327366,2.96349300516,3.08136681584,6.04485982099,1.60227685131,2.01495327366,-8.881784197e-16
3.35,12.65,19.35,2.01690941057,2.95550175811,3.09522647358,6.0507282317,1.59880293958,2.01690941057,1.7763568394e-15
3.375,12.625,19.375,2.01887197729,2.94754587511,3.10907005677,6.05661593188,1.5953238405,2.01887197729,-8.881784197e-16
3.4,12.6,19.4,2.0208409711,2.93962534107,3.12289757224,6.06252291331,1.59183953016,2.0208409711,8.881784197e-16
3.425,12.575,19.425,2.02281638912,2.93174014018,3.13670902719,6.06844916737,1.58834998476,2.02281638912,1.7763568394e-15
3.45,12.55,19.45,2.02479822834,2.92389025586,3.15050442915,6.07439468502,1.58485518055,2.02479822834,0
3.475,12.525,19.475,2.0267864856,2.91607567081,3.16428378599,6.08035945681,1.58135509389,2.0267864856,8.881784197e-16
3.5,12.5,19.5,2.02878115763,2.90829636696,3.17804710593,6.08634347289,1.57784970119,2.02878115763,0
3.525,12.475,19.525,2.030782241,2.90055232549,3.19179439751,6.09234672299,1.57433897896,2.030782241,8.881784197e-16
3.55,12.45,19.55,2.03278973215,2.89284352684,3.20552566962,6.09836919646,1.5708229038,2.03278973215,2.6645352591e-15
3.575,12.425,19.575,2.0348036274,2.88516995069,3.2192409315,6.10441088219,1.56730145238,2.0348036274,1.7763568394e-15
3.6,12.4,19.6,2.03682392291,2.87753157599,3.23294019273,6.11047176872,1.56377460148,2.03682392291,8.881784197e-16
3.625,12.375,19.625,2.03885061471,2.86992838091,3.24662346322,6.11655184413,1.56024232794,2.03885061471,0
3.65,12.35,19.65,2.04088369871,2.8623603429,3.26029075323,6.12265109613,1.55670460872,2.04088369871,8.881784197e-16
3.675,12.325,19.675,2.04292317066,2.85482743864,3.27394207334,6.12876951199,1.55316142085,2.04292317066,0
3.7,12.3,19.7,2.0449690262,2.84732964407,3.28757743451,6.13490707859,1.54961274146,2.0449690262,-8.881784197e-16
3.725,12.275,19.725,2.0470212608,2.83986693438,3.30119684801,6.14106378239,1.54605854779,2.0470212608,1.7763568394e-15
3.75,12.25,19.75,2.04907986982,2.83243928401,3.31480032545,6.14723960946,1.54249881714,2.04907986982,0
3.775,12.225,19.775,2.05114484848,2.82504666665,3.3283878788,6.15343454544,1.53893352695,2.05114484848,1.7763568394e-15
3.8,12.2,19.8,2.05321619186,2.81768905524,3.34195952035,6.15964857558,1.53536265472,2.05321619186,3.5527136788e-15
3.825,12.175,19.825,2.0552938949,2.81036642197,3.35551526274,6.16588168471,1.53178617808,2.0552938949,2.6645352591e-15
3.85,12.15,19.85,2.05737795242,2.8030787383,3.36905511895,6.17213385725,1.52820407474,2.05737795242,0
3.875,12.125,19.875,2.05946835908,2.79582597493,3.38257910231,6.17840507723,1.52461632253,2.05946835908,2.6645352591e-15
3.9,12.1,19.9,2.06156510942,2.7886081018,3.39608722645,6.18469532826,1.52102289937,2.06156510942,1.7763568394e-15
3.925,12.075,19.925,2.06366819785,2.78142508815,3.40957950539,6.19100459354,1.5174237833,2.06366819785,2.6645352591e-15
3.95,12.05,19.95,2.06577761862,2.77427690243,3.42305595344,6.19733285587,1.51381895244,2.06577761862,1.7763568394e-15
3.975,12.025,19.975,2.06789336588,2.76716351236,3.43651658529,6.20368009765,1.51020838506,2.06789336588,8.881784197e-16
4,12,20,2.07001543363,2.76008488494,3.44996141593,6.21004630088,1.50659205949,2.07001543363,8.881784197e-16
4.025,11.975,20.025,2.07214381571,2.75304098641,3.46339046072,6.21643144713,1.50296995422,2.07214381571,0
4.05,11.95,20.05,2.07427850587,2.74603178226,3.47680373534,6.2228355176,1.49934204781,2.07427850587,0
4.075,11.925,20.075,2.07641949769,2.73905723727,3.49020125579,6.22925849306,1.49570831896,2.07641949769,1.7763568394e-15
4.1,11.9,20.1,2.07856678463,2.73211731546,3.50358303843,6.23570035389,1.49206874647,2.07856678463,4.4408920985e-15
4.125,11.875,20.125,2.08072036002,2.72521198013,3.51694909994,6.24216108007,1.48842330927,2.08072036002,1.7763568394e-15
4.15,11.85,20.15,2.08288021706,2.71834119383,3.53029945735,6.24864065118,1.48477198639,2.08288021706,1.7763568394e-15
4.175,11.825,20.175,2.0850463488,2.71150491839,3.543634128,6.2551390464,1.48111475698,2.0850463488,1.7763568394e-15
4.2,11.8,20.2,2.08721874817,2.70470311491,3.55695312959,6.2616562445,1.47745160033,2.08721874817,2.6645352591e-15
4.225,11.775,20.225,2.08939740795,2.69793574375,3.57025648011,6.26819222386,1.47378249583,2.08939740795,2.6645352591e-15
4.25,11.75,20.25,2.09158232083,2.69120276456,3.58354419793,6.27474696249,1.470107423,2.09158232083,2.6645352591e-15
4.275,11.725,20.275,2.09377347932,2.68450413624,3.59681630171,6.28132043795,1.46642636148,2.09377347932,3.5527136788e-15
4.3,11.7,20.3,2.09597087582,2.67783981698,3.61007281046,6.28791262745,1.46273929103,2.09597087582,2.6645352591e-15
4.325,11.675,20.325,2.09817450259,2.67120976426,3.62331374352,6.29452350778,1.45904619154,2.09817450259,1.7763568394e-15
4.35,11.65,20.35,2.10038435179,2.66461393482,3.63653912053,6.30115305536,1.45534704304,2.10038435179,2.6645352591e-15
4.375,11.625,20.375,2.1026004154,2.6580522847,3.6497489615,6.3078012462,1.45164182566,2.1026004154,2.6645352591e-15
4.4,11.6,20.4,2.10482268531,2.6515247692,3.66294328673,6.31446805593,1.44793051969,2.10482268531,1.7763568394e-15
4.425,11.575,20.425,2.10705115326,2.64503134293,3.67612211685,6.32115345978,1.44421310552,2.10705115326,8.881784197e-16
4.45,11.55,20.45,2.10928581087,2.63857195978,3.68928547283,6.32785743261,1.44048956369,2.10928581087,2.6645352591e-15
4.475,11.525,20.475,2.11152664963,2.63214657294,3.70243337594,6.33457994888,1.43675987487,2.11152664963,3.5527136788e-15
4.5,11.5,20.5,2.11377366089,2.62575513488,3.71556584778,6.34132098266,1.43302401986,2.11377366089,3.5527136788e-15
4.525,11.475,20.525,2.11602683589,2.61939759737,3.72868291029,6.34808050766,1.42928197959,2.11602683589,2.6645352591e-15
4.55,11.45,20.55,2.11828616572,2.61307391148,3.74178458569,6.35485849717,1.42553373514,2.11828616572,3.5527136788e-15
4.575,11.425,20.575,2.12055164138,2.6067840276,3.75487089655,6.36165492415,1.4217792677,2.12055164138,2.6645352591e-15
4.6,11.4,20.6,2.12282325371,2.60052789539,3.76794186573,6.36846976112,1.41801855863,2.12282325371,3.5527136788e-15
4.625,11.375,20.625,2.12510099343,2.59430546385,3.78099751643,6.37530298028,1.41425158941,2.12510099343,8.881784197e-16
4.65,11.35,20.65,2.12738485114,2.58811668127,3.79403787215,6.38215455342,1.41047834167,2.12738485114,1.7763568394e-15
4.675,11.325,20.675,2.12967481732,2.58196149525,3.8070629567,6.38902445195,1.40669879715,2.12967481732,1.7763568394e-15
4.7,11.3,20.7,2.13197088231,2.57583985272,3.82007279422,6.39591264694,1.40291293778,2.13197088231,0
4.725,11.275,20.725,2.13427303635,2.56975169993,3.83306740912,6.40281910905,1.3991207456,2.13427303635,1.7763568394e-15
4.75,11.25,20.75,2.13658126953,2.56369698244,3.84604682616,6.4097438086,1.3953222028,2.13658126953,2.6645352591e-15
4.775,11.225,20.775,2.13889557184,2.55767564514,3.85901107039,6.41668671553,1.39151729171,2.13889557184,1.7763568394e-15
4.8,11.2,20.8,2.14121593314,2.55168763224,3.87196016716,6.42364779941,1.38770599483,2.14121593314,3.5527136788e-15
4.825,11.175,20.825,2.14354234315,2.54573288731,3.88489414213,6.43062702944,1.38388829477,2.14354234315,1.7763568394e-15
4.85,11.15,20.85,2.1458747915,2.53981135322,3.89781302126,6.43762437449,1.38006417431,2.1458747915,1.7763568394e-15
4.875,11.125,20.875,2.14821326767,2.53392297221,3.91071683082,6.44463980302,1.37623361637,2.14821326767,1.7763568394e-15
4.9,11.1,20.9,2.15055776106,2.52806768582,3.92360559735,6.45167328318,1.37239660404,2.15055776106,1.7763568394e-15
4.925,11.075,20.925,2.15290826091,2.52224543499,3.93647934773,6.45872478272,1.36855312052,2.15290826091,2.6645352591e-15
4.95,11.05,20.95,2.15526475636,2.51645615997,3.94933810911,6.46579426907,1.3647031492,2.15526475636,1.7763568394e-15
4.975,11.025,20.975,2.15762723643,2.51069980037,3.96218190892,6.47288170929,1.3608466736,2.15762723643,8.881784197e-16
5,11,21,2.15999569003,2.50497629516,3.97501077493,6.47998707009,1.3569836774,2.15999569003,2.6645352591e-15
5.025,10.975,21.025,2.16237010594,2.49928558267,3.98782473515,6.48711031782,1.35311414442,2.16237010594,-8.881784197e-16
5.05,10.95,21.05,2.16475047284,2.49362760061,4.00062381791,6.49425141851,1.34923805866,2.16475047284,2.6645352591e-15
5.075,10.925,21.075,2.16713677928,2.48800228602,4.01340805181,6.50141033783,1.34535540425,2.16713677928,8.881784197e-16
5.1,10.9,21.1,2.1695290137,2.48240957535,4.02617746575,6.5085870411,1.34146616548,2.1695290137,3.5527136788e-15
5.125,10.875,21.125,2.17192716444,2.47684940441,4.0389320889,6.51578149331,1.33757032682,2.17192716444,3.5527136788e-15
5.15,10.85,21.15,2.17433121971,2.47132170838,4.05167195073,6.52299365912,1.33366787287,2.17433121971,4.4408920985e-15
5.175,10.825,21.175,2.17674116761,2.46582642185,4.06439708098,6.53022350283,1.32975878839,2.17674116761,8.881784197e-16
5.2,10.8,21.2,2.17915699614,2.46036347877,4.07710750965,6.53747098842,1.32584305832,2.17915699614,4.4408920985e-15
5.225,10.775,21.225,2.18157869318,2.45493281249,4.08980326705,6.54473607954,1.32192066773,2.18157869318,3.5527136788e-15
5.25,10.75,21.25,2.18400624651,2.44953435578,4.10248438374,6.55201873952,1.31799160188,2.18400624651,2.6645352591e-15
5.275,10.725,21.275,2.18643964378,2.44416804078,4.11515089055,6.55931893134,1.31405584616,2.18643964378,1.7763568394e-15
5.3,10.7,21.3,2.18887887256,2.43883379906,4.12780281861,6.56663661767,1.31011338614,2.18887887256,2.6645352591e-15
5.325,10.675,21.325,2.19132392029,2.43353156157,4.14044019929,6.57397176086,1.30616420756,2.19132392029,1.7763568394e-15
5.35,10.65,21.35,2.19377477431,2.42826125871,4.15306306422,6.58132432293,1.30220829629,2.19377477431,1.7763568394e-15
5.375,10.625,21.375,2.19623142187,2.42302282027,4.16567144533,6.5886942656,1.2982456384,2.19623142187,2.6645352591e-15
5.4,10.6,21.4,2.19869385009,2.41781617549,4.17826537478,6.59608155026,1.2942762201,2.19869385009,3.5527136788e-15
5.425,10.575,21.425,2.201162046,2.412641253,4.190844885,6.603486138,1.29030002777,2.201162046,1.7763568394e-15
5.45,10.55,21.45,2.20363599653,2.4074979809,4.20341000868,6.61090798958,1.28631704796,2.20363599653,2.6645352591e-15
5.475,10.525,21.475,2.20611568849,2.40238628671,4.21596077877,6.61834706548,1.28232726737,2.20611568849,2.6645352591e-15
5.5,10.5,21.5,2.20860110862,2.3973060974,4.22849722846,6.62580332585,1.27833067289,2.20860110862,0
5.525,10.475,21.525,2.21109224352,2.39225733936,4.2410193912,6.63327673056,1.27432725156,2.21109224352,0
5.55,10.45,21.55,2.21358907972,2.38723993848,4.25352730069,6.64076723917,1.27031699058,2.21358907972,8.881784197e-16
5.575,10.425,21.575,2.21609160365,2.38225382007,4.26602099088,6.64827481095,1.26629987734,2.21609160365,3.5527136788e-15
5.6,10.4,21.6,2.21859980162,2.3772989089,4.27850049595,6.65579940486,1.26227589937,2.21859980162,1.7763568394e-15
5.625,10.375,21.625,2.22111365986,2.37237512924,4.29096585035,6.66334097958,1.25824504439,2.22111365986,8.881784197e-16
5.65,10.35,21.65,2.22363316451,2.36748240478,4.30341708874,6.67089949352,1.25420730028,2.22363316451,8.881784197e-16
5.675,10.325,21.675,2.22615830159,2.36262065874,4.31585424603,6.67847490477,1.25016265508,2.22615830159,0
5.7,10.3,21.7,2.22868905705,2.35778981378,4.32827735737,6.68606717115,1.24611109702,2.22868905705,2.6645352591e-15
5.725,10.275,21.725,2.23122541674,2.35298979207,4.34068645815,6.69367625022,1.24205261448,2.23122541674,-8.881784197e-16
5.75,10.25,21.75,2.23376736641,2.34822051527,4.35308158397,6.70130209924,1.23798719602,2.23376736641,2.6645352591e-15
5.775,10.225,21.775,2.23631489173,2.34348190452,4.36546277067,6.7089446752,1.23391483036,2.23631489173,1.7763568394e-15
5.8,10.2,21.8,2.23886797827,2.33877388049,4.37783005432,6.71660393481,1.22983550641,2.23886797827,0
5.825,10.175,21.825,2.24142661151,2.33409636332,4.39018347122,6.72427983454,1.22574921323,2.24142661151,8.881784197e-16
5.85,10.15,21.85,2.24399077685,2.3294492727,4.40252305786,6.73197233056,1.22165594005,2.24399077685,8.881784197e-16
5.875,10.125,21.875,2.2465604596,2.32483252781,4.41484885099,6.73968137881,1.2175556763,2.2465604596,0
5.9,10.1,21.9,2.24913564498,2.32024604738,4.42716088755,6.74740693493,1.21344841155,2.24913564498,8.881784197e-16
5.925,10.075,21.925,2.25171631812,2.31568974964,4.43945920471,6.75514895435,1.20933413556,2.25171631812,8.881784197e-16
5.95,10.05,21.95,2.25430246407,2.31116355237,4.45174383983,6.7629073922,1.20521283825,2.25430246407,0
5.975,10.025,21.975,2.2568940678,2.30666737289,4.46401483051,6.77068220339,1.20108450971,2.2568940678,8.881784197e-16
6,10,22,2.25949111419,2.30220112806,4.47627221452,6.77847334258,1.19694914023,2.25949111419,8.881784197e-16
