probability_high,K,N_low,N_high,residual
0,1.15018868199,1.11092370933,1.15018868199,-4.4408920985e-16
0.005,1.16032113151,1.11683212375,1.16032113151,-1.33226762955e-15
0.01,1.17046885293,1.12270462259,1.17046885293,6.11954931173e-13
0.015,1.18063047821,1.12854065204,1.18063047821,1.25632837467e-12
0.02,1.19080463592,1.134339679,1.19080463592,-1.14486198299e-12
0.025,1.20098995261,1.14010119144,1.20098995261,-7.91811061163e-13
0.03,1.21118505414,1.14582469868,1.21118505414,-5.35571587079e-13
0.035,1.22138856702,1.15150973167,1.22138856702,-3.561595463e-13
0.04,1.23159911975,1.15715584314,1.23159911975,-2.26041407814e-13
0.045,1.24181534412,1.16276260787,1.24181534412,-1.42996725572e-13
0.05,1.25203587646,1.16832962277,1.25203587646,-8.3044682242e-14
0.055,1.26225935897,1.17385650697,1.26225935897,-4.57411886146e-14
0.06,1.27248444093,1.17934290194,1.27248444093,-2.35367281221e-14
0.065,1.28270977989,1.18478847142,1.28270977989,-8.43769498715e-15
0.07,1.2929340429,1.19019290151,1.2929340429,-8.881784197e-16
0.075,1.30315590759,1.19555590052,1.30315590759,2.6645352591e-15
0.08,1.31337406337,1.20087719893,1.31337406337,2.6645352591e-15
0.085,1.32358721243,1.20615654929,1.32358721243,4.4408920985e-15
0.09,1.3337940708,1.211393726,1.3337940708,3.5527136788e-15
0.095,1.34399336936,1.21658852516,1.34399336936,3.5527136788e-15
0.1,1.35418385478,1.22174076436,1.35418385478,8.881784197e-16
0.105,1.36436429041,1.22685028239,1.36436429041,1.7763568394e-15
0.11,1.37453345718,1.23191693901,1.37453345718,8.881784197e-16
0.115,1.38469015436,1.23694061462,1.38469015436,8.881784197e-16
0.12,1.3948332004,1.24192120992,1.3948332004,0
0.125,1.40496143359,1.24685864558,1.40496143359,8.881784197e-16
0.13,1.41507371278,1.25175286186,1.41507371278,8.881784197e-16
0.135,1.42516891795,1.25660381821,1.42516891795,0
0.14,1.43524595085,1.26141149285,1.43524595085,8.881784197e-16
0.145,1.44530373549,1.26617588237,1.44530373549,-1.7763568394e-15
0.15,1.45534121863,1.27089700124,1.45534121863,8.881784197e-16
0.155,1.46535737024,1.27557488139,1.46535737024,-1.7763568394e-15
0.16,1.47535118382,1.28020957173,1.47535118382,1.7763568394e-15
0.165,1.48532167685,1.28480113763,1.48532167685,-8.881784197e-16
0.17,1.49526789097,1.2893496605,1.49526789097,-8.881784197e-16
0.175,1.50518889232,1.29385523723,1.50518889232,-8.881784197e-16
0.18,1.51508377171,1.29831797971,1.51508377171,1.7763568394e-15
0.185,1.52495164481,1.30273801431,1.52495164481,8.881784197e-16
0.19,1.53479165226,1.3071154814,1.53479165226,2.6645352591e-15
0.195,1.54460295976,1.31145053478,1.54460295976,1.7763568394e-15
0.2,1.55438475812,1.31574334121,1.55438475812,2.6645352591e-15
0.205,1.56413626328,1.31999407988,1.56413626328,8.881784197e-16
0.21,1.57385671631,1.32420294189,1.57385671631,8.881784197e-16
0.215,1.5835453833,1.32837012974,1.5835453833,1.7763568394e-15
0.22,1.59320155532,1.33249585682,1.59320155532,8.881784197e-16
0.225,1.60282454828,1.33658034692,1.60282454828,1.7763568394e-15
0.23,1.61241370279,1.34062383371,1.61241370279,0
0.235,1.621968384,1.34462656027,1.621968384,-2.6645352591e-15
0.24,1.63148798135,1.34858877859,1.63148798135,8.881784197e-16
0.245,1.6409719084,1.35251074907,1.6409719084,-8.881784197e-16
0.25,1.65041960257,1.3563927401,1.65041960257,0
0.255,1.65983052484,1.36023502756,1.65983052484,-9.35251875944e-13
0.26,1.6692041595,1.36403789438,1.6692041595,-8.881784197e-16
0.265,1.67854001382,1.36780163009,1.67854001382,8.881784197e-16
0.27,1.68783761772,1.37152653039,1.68783761772,0
0.275,1.69709652347,1.37521289673,1.69709652347,0
0.28,1.70631630528,1.3788610359,1.70631630528,-8.881784197e-16
0.285,1.71549655898,1.38247125962,1.71549655898,8.881784197e-16
0.29,1.72463690161,1.38604388414,1.72463690161,-1.7763568394e-15
0.295,1.73373697106,1.38957922991,1.73373697106,0
0.3,1.74279642565,1.39307762113,1.74279642565,-8.881784197e-16
0.305,1.75181494374,1.39653938548,1.75181494374,0
0.31,1.76079222331,1.39996485371,1.76079222331,-8.881784197e-16
0.315,1.76972798153,1.40335435935,1.76972798153,-8.881784197e-16
0.32,1.77862195439,1.40670823835,1.77862195439,0
0.325,1.78747389619,1.4100268288,1.78747389619,0
0.33,1.79628357919,1.41331047063,1.79628357919,8.881784197e-16
0.335,1.80505079315,1.4165595053,1.80505079315,2.6645352591e-15
0.34,1.81377534487,1.41977427553,1.81377534487,-8.881784197e-16
0.345,1.8224570578,1.42295512507,1.8224570578,0
0.35,1.83109577162,1.42610239839,1.83109577162,-8.881784197e-16
0.355,1.83969134173,1.42921644047,1.83969134173,1.7763568394e-15
0.36,1.84824363891,1.43229759656,1.84824363891,0
0.365,1.85675254885,1.43534621197,1.85675254885,8.881784197e-16
0.37,1.86521797173,1.43836263184,1.86521797173,1.7763568394e-15
0.375,1.87363982182,1.44134720092,1.87363982182,8.881784197e-16
0.38,1.88201802703,1.44430026342,1.88201802703,8.881784197e-16
0.385,1.89035252853,1.44722216282,1.89035252853,1.7763568394e-15
0.39,1.89864328032,1.45011324165,1.89864328032,8.881784197e-16
0.395,1.90689024884,1.45297384137,1.90689024884,2.6645352591e-15
0.4,1.91509341258,1.45580430222,1.91509341258,1.7763568394e-15
0.405,1.92325276168,1.45860496302,1.92325276168,2.6645352591e-15
0.41,1.93136829754,1.46137616108,1.93136829754,8.881784197e-16
0.415,1.93944003244,1.46411823206,1.93944003244,2.6645352591e-15
0.42,1.94746798919,1.46683150982,1.94746798919,1.7763568394e-15
0.425,1.95545220075,1.46951632632,1.95545220075,1.7763568394e-15
0.43,1.96339270984,1.47217301154,1.96339270984,1.7763568394e-15
0.435,1.97128956866,1.47480189332,1.97128956866,1.7763568394e-15
0.44,1.97914283849,1.4774032973,1.97914283849,2.6645352591e-15
0.445,1.98695258935,1.47997754684,1.98695258935,2.6645352591e-15
0.45,1.99471889969,1.4825249629,1.99471889969,8.881784197e-16
0.455,2.00244185608,1.485045864,2.00244185608,3.5527136788e-15
0.46,2.01012155286,1.48754056615,2.01012155286,1.7763568394e-15
0.465,2.01775809185,1.49000938273,2.01775809185,3.5527136788e-15
0.47,2.02535158205,1.49245262451,2.02535158205,1.7763568394e-15
0.475,2.03290213932,1.49487059952,2.03290213932,1.7763568394e-15
0.48,2.04040988614,1.49726361307,2.04040988614,8.881784197e-16
0.485,2.04787495129,1.49963196763,2.04787495129,0
0.49,2.05529746961,1.50197596286,2.05529746961,1.7763568394e-15
0.495,2.06267758168,1.50429589553,2.06267758168,8.881784197e-16
0.5,2.07001543363,1.50659205949,2.07001543363,8.881784197e-16
0.505,2.07731117684,1.50886474567,2.07731117684,3.5527136788e-15
0.51,2.08456496773,1.51111424201,2.08456496773,3.5527136788e-15
0.515,2.09177696749,1.51334083347,2.09177696749,8.881784197e-16
0.52,2.09894734186,1.51554480203,2.09894734186,8.881784197e-16
0.525,2.10607626092,1.51772642662,2.10607626092,0
0.53,2.11316389887,1.51988598314,2.11316389887,2.6645352591e-15
0.535,2.12021043379,1.52202374448,2.12021043379,2.6645352591e-15
0.54,2.12721604748,1.52413998044,2.12721604748,2.6645352591e-15
0.545,2.13418092522,1.52623495779,2.13418092522,0
0.55,2.1411052556,1.52830894026,2.1411052556,-8.881784197e-16
0.555,2.14798923035,1.5303621885,2.14798923035,2.6645352591e-15
0.56,2.15483304412,1.53239496014,2.15483304412,1.7763568394e-15
0.565,2.16163689432,1.53440750974,2.16163689432,8.881784197e-16
0.57,2.16840098097,1.53640008884,2.16840098097,-2.6645352591e-15
0.575,2.17512550652,1.53837294595,2.17512550652,1.7763568394e-15
0.58,2.18181067569,1.54032632656,2.18181067569,0
0.585,2.18845669533,1.54226047315,2.18845669533,0
0.59,2.19506377426,1.54417562522,2.19506377426,-1.7763568394e-15
0.595,2.20163212313,1.54607201928,2.20163212313,1.7763568394e-15
0.6,2.20816195428,1.5479498889,2.20816195428,1.7763568394e-15
0.605,2.21465348164,1.5498094647,2.21465348164,-8.881784197e-16
0.61,2.22110692053,1.55165097435,2.22110692053,0
0.615,2.22752248761,1.55347464266,2.22752248761,1.7763568394e-15
0.62,2.23390040072,1.55528069153,2.23390040072,0
0.625,2.24024087879,1.55706933999,2.24024087879,-8.881784197e-16
0.63,2.24654414168,1.55884080426,2.24654414168,1.7763568394e-15
0.635,2.25281041016,1.56059529773,2.25281041016,-1.7763568394e-15
0.64,2.25903990571,1.56233303098,2.25903990571,-8.881784197e-16
0.645,2.26523285049,1.56405421186,2.26523285049,-8.881784197e-16
0.65,2.27138946722,1.56575904545,2.27138946722,0
0.655,2.27750997909,1.56744773411,2.27750997909,-8.881784197e-16
0.66,2.28359460968,1.56912047754,2.28359460968,0
0.665,2.28964358285,1.57077747274,2.28964358285,0
0.67,2.29565712269,1.57241891411,2.29565712269,-8.881784197e-16
0.675,2.30163545343,1.5740449934,2.30163545343,8.881784197e-16
0.68,2.30757879938,1.57565589982,2.30757879938,8.881784197e-16
0.685,2.31348738481,1.57725181999,2.31348738481,-8.881784197e-16
0.69,2.31936143394,1.57883293802,2.31936143394,-1.7763568394e-15
0.695,2.32520117085,1.58039943554,2.32520117085,-8.881784197e-16
0.7,2.33100681941,1.58195149167,2.33100681941,0
0.705,2.33677860321,1.58348928313,2.33677860321,0
0.71,2.34251674555,1.58501298421,2.34251674555,-8.881784197e-16
0.715,2.34822146932,1.58652276681,2.34822146932,-1.7763568394e-15
0.72,2.35389299701,1.58801880049,2.35389299701,1.7763568394e-15
0.725,2.35953155062,1.58950125247,2.35953155062,1.7763568394e-15
0.73,2.36513735159,1.59097028768,2.36513735159,0
0.735,2.37071062084,1.59242606879,2.37071062084,-1.7763568394e-15
0.74,2.37625157863,1.59386875622,2.37625157863,0
0.745,2.38176044457,1.59529850818,2.38176044457,1.7763568394e-15
0.75,2.38723743757,1.59671548069,2.38723743757,0
0.755,2.39268277581,1.59811982764,2.39268277581,0
0.76,2.39809667668,1.59951170076,2.39809667668,-8.34887714518e-13
0.765,2.40347935678,1.6008912497,2.40347935678,2.30926389122e-14
0.77,2.40883103184,1.60225862205,2.40883103184,-1.27453603227e-12
0.775,2.41415191675,1.60361396333,2.41415191675,1.7763568394e-15
0.78,2.41944222547,1.60495741707,2.41944222547,0
0.785,2.42470217105,1.6062891248,2.42470217105,1.7763568394e-15
0.79,2.42993196558,1.60760922609,2.42993196558,-2.6645352591e-15
0.795,2.43513182016,1.60891785858,2.43513182016,0
0.8,2.44030194489,1.61021515799,2.44030194489,-8.881784197e-16
0.805,2.44544254885,1.61150125818,2.44544254885,-8.881784197e-16
0.81,2.45055384006,1.61277629114,2.45055384006,1.7763568394e-15
0.815,2.45563602549,1.61404038704,2.45563602549,8.881784197e-16
0.82,2.46068931101,1.61529367424,2.46068931101,0
0.825,2.46571390139,1.61653627933,2.46571390139,-8.881784197e-16
0.83,2.47071000029,1.61776832714,2.47071000029,-8.881784197e-16
0.835,2.47567781022,1.61898994078,2.47567781022,8.881784197e-16
0.84,2.48061753257,1.62020124166,2.48061753257,-8.881784197e-16
0.845,2.48552936754,1.6214023495,2.48552936754,8.881784197e-16
0.85,2.49041351418,1.62259338238,2.49041351418,-8.881784197e-16
0.855,2.49527017033,1.62377445673,2.49527017033,-1.7763568394e-15
0.86,2.50009953266,1.62494568741,2.50009953266,1.7763568394e-15
0.865,2.50490179663,1.62610718765,2.50490179663,0
0.87,2.50967715648,1.62725906917,2.50967715648,0
0.875,2.51442580524,1.6284014421,2.51442580524,2.6645352591e-15
0.88,2.5191479347,1.62953441511,2.5191479347,-8.881784197e-16
0.885,2.52384373544,1.63065809534,2.52384373544,0
0.89,2.52851339677,1.63177258846,2.52851339677,8.881784197e-16
0.895,2.53315710678,1.63287799872,2.53315710678,0
0.9,2.5377750523,1.63397442891,2.5377750523,-8.881784197e-16
0.905,2.54236741891,1.63506198044,2.54236741891,0
0.91,2.54693439094,1.63614075331,2.54693439094,8.881784197e-16
0.915,2.55147615146,1.63721084618,2.55147615146,0
0.92,2.55599288227,1.63827235634,2.55599288227,-8.881784197e-16
0.925,2.56048476391,1.63932537978,2.56048476391,2.6645352591e-15
0.93,2.56495197568,1.64037001117,2.56495197568,-1.7763568394e-15
0.935,2.56939469559,1.64140634389,2.56939469559,-1.7763568394e-15
0.94,2.5738131004,1.64243447007,2.5738131004,0
0.945,2.5782073656,1.64345448058,2.5782073656,8.881784197e-16
0.95,2.58257766543,1.64446646506,2.58257766543,8.881784197e-16
0.955,2.58692417286,1.64547051195,2.58692417286,8.881784197e-16
0.96,2.59124705959,1.64646670849,2.59124705959,0
0.965,2.59554649608,1.64745514075,2.59554649608,-8.881784197e-16
0.97,2.59982265153,1.64843589363,2.59982265153,1.7763568394e-15
0.975,2.60407569389,1.64940905091,2.60407569389,8.881784197e-16
0.98,2.60830578984,1.65037469523,2.60830578984,0
0.985,2.61251310485,1.65133290813,2.61251310485,-1.7763568394e-15
0.99,2.6166978031,1.65228377007,2.6166978031,-8.881784197e-16
0.995,2.62086004758,1.65322736041,2.62086004758,0
1,2.625,1.65416375749,2.625,-2.6645352591e-15
